memo,key,value,,
,,,,
■キャラクター名,,,,
,name_heroine,Nijouin Nadeshiko,,
,name_player_default,Nhân vật chính,,
,name_女生徒,Nữ sinh,,
,name_女教師,Cô giáo,,
,name_養護教諭,Giáo viên y tế,,
,name_体育教師,Giáo viên thể dục,,
,name_金持ち,Nhà giàu,,
,name_御父様,Phụ thân,,
,name_司会,Người dẫn chương trình,,
,name_作業員,Nhân viên thi công,,
,name_出席者_男,Khách mời,,
,name_出席者_女,Khách mời,,
,,,,
,name_社長A,Giám đốc A,,
,name_社長B,Giám đốc B,,
,name_社長C,Giám đốc C,,
,name_市長,Thị trưởng,,
,name_天宮寺会長,Chủ tịch Amamiyaji,,
,name_記者,Phóng viên,,
,name_議員,Nghị viên,,
,name_会長,Chủ tịch,,
,name_スポーツ選手,Vận động viên thể thao,,
,name_元選手,Cựu vận động viên,,
,name_UTuber,UTuber,,
,,,,
■汎用,,,,
,,,,
,,,,
,次へ,Tiếp,,
,キャンセル,Hủy,,
,閉じる,Đóng,,
,削除,Xóa,,
,リセット,Reset,,
,保存,Lưu,,
,戻る,Quay lại,,
,,,,
,LOAD,Tải game,,
,SAVE,Lưu game,,
,,,,
,通常,Bình thường,,
,混乱,Hỗn loạn,,
,催眠,Thôi miên,,
,金縛り,Bất động,,
,常識改変,Thay đổi nhận thức,,
,発情,Động dục,,
,連続絶頂,Lên đỉnh liên tục,,■0829追加
,,,,
,normal_now,Bình thường,,
,konran_now,Đang Hỗn loạn,,
,saimin_now,Đang Thôi miên,,
,mahi_now,Đang Bất động,,
,kaihen_now,Đang bị Thay đổi nhận thức,,
,hatujyou_now,Đang Động dục,,
,,,,
,location_廊下,Hành lang,,
,location_校舎裏,Sân sau khu học xá,,
,location_保健室,Phòng y tế,,
,location_教室,Lớp học,,
,location_教室（集団洗脳）,Lớp học (Tẩy não tập thể),,
,location_体育倉庫,Kho dụng cụ thể chất,,
,location_パーティー会場,Sảnh tiệc,,
,location_パーティー会場（集団洗脳）,Sảnh tiệc (Tẩy não tập thể),,
,,,,
■ZoneName,,,,
,乳首　右,Núm vú Phải,,
,乳房　右,Bầu vú Phải,,
,乳首　左,Núm vú Trái,,
,乳房　左,Bầu vú Trái,,
,乳輪　右,Quầng vú Phải,,
,乳輪　左,Quầng vú Trái,,
,クリトリス,Hột le,,
,膣,Lồn,,
,Gスポット,Điểm G,,
,子宮,Tử cung,,
,ポルチオ,Cổ tử cung,,
,アナル,Hậu môn,,
,膣奥,Sâu trong lồn,,
,膣入り口,Cửa lồn,,
,アナル入り口,Cửa hậu môn,,
,アナル奥,Sâu trong hậu môn,,
,脇,Nách,,
,鼠径部,Háng,,
,尻,Mông,,
,内もも,Đùi trong,,
,体,Cơ thể,,
,膣挿入,Đút vào lồn,,
,アナル挿入,Đút vào hậu môn,,
,膣ペニス,Cặc trong lồn,,
,アナルペニス,Cặc trong lỗ đít,,
,乳首,Núm vú,,
,乳房,Bầu vú,,
,乳輪,Quầng vú,,
,その他　体,Khác - Cơ thể,,
,,,,
,口,Miệng,,
,唇,Môi,,
,喉奥,Cuống họng,,
,顔,Mặt,,
,耳,Tai,,
,,,,
,zoneicon_処女喪失,Mất trinh,,
,,,,
■衣装、アイテム,,,,
,cloth_上着,Áo khoác,,
,cloth_くつ,Giày,,
,cloth_スカート,Váy,,
,cloth_タイツ,Quần tất,,
,cloth_シャツ,Áo sơ mi,,
,cloth_セーター,Áo len,,
,,,,
,cloth_リボン,Ruy băng,,
,cloth_ブラ,Áo lót,,
,cloth_パンツ,Quần lót,,
,cloth_ブラ_縞々,Áo lót (Sọc),,
,cloth_パンツ_縞々,Quần lót (Sọc),,
,cloth_ブラ_白,Áo lót (Trắng),,
,cloth_パンツ_白,Quần lót (Trắng),,
,cloth_ブラ_黒,Áo lót (Đen),,
,cloth_パンツ_黒,Quần lót (Đen),,
,cloth_ブラ_スポーツ,Áo lót (Thể thao),,
,cloth_パンツ_スポーツ,Quần lót (Thể thao),,
,cloth_tubetop,Áo ống,,
,,,,
,cloth_体操着_青,Đồ thể thao (Xanh),,■0801追加
,cloth_短パン,Quần đùi,,■0801追加
,cloth_ブルマ_青,Quần lót thể thao (Xanh),,■0801追加
,cloth_体操着_赤,Đồ thể thao (Đỏ),,■0801追加
,cloth_ブルマ_赤,Quần lót thể thao (Đỏ),,■0801追加
,cloth_体操着_エロ,Đồ thể thao (Gợi cảm),,■0801追加
,cloth_ブルマ_エロ,Quần lót thể thao (Gợi cảm),,■0801追加
,,,,
,acc_犬耳,Tai chó,,■0829追加
,acc_犬尻尾,Đuôi chó cắm hậu môn,,■0829追加
,acc_疑似ボテ,Dương vật giả,,■0829追加
,,,,
,cloth_ニーソ,Tất đùi,,
,cloth_ストッキング,Tất da,,
,cloth_網タイツS,Tất lưới (Nhỏ),,
,cloth_網タイツL,Tất lưới (Lớn),,
,,,,
,cloth_バニー,Đồ thỏ,,
,cloth_バニー白,Đồ thỏ (Trắng),,
,cloth_バニーハイレグ,Đồ thỏ (Hở háng),,
,,,,
,cloth_partyDress,Váy dạ hội,,
,cloth_eroDress,Váy dạ hội (Gợi cảm),,
,cloth_パンプス,Giày cao gót,,
,cloth_パンプス-red,Giày cao gót (Đỏ),,
,cloth_パンプス-black,Giày cao gót (Đen),,
,,,,
,,,,
,item_ローター,Máy rung,,
,item_電マ,Máy rung điện,,
,item_バイブ,Máy rung,,
,item_スティックローター,Máy rung que,,
,item_ペニス,Cặc,,
,,,,
,乳首ローター,Máy rung núm vú,,
,クリローター,Máy rung hột le,,
,膣ローター,Máy rung lồn,,
,アナルローター,Máy rung hậu môn,,
,バイブ,Máy rung,,
,アナルパール,Bi hậu môn,,
,,,,
,ネコミミ,Tai mèo,,
,アナル尻尾,Đuôi cắm hậu môn,,
,首輪,Vòng cổ,,
,,,,
,,,,
,,,,
■衣装セット名,set_other,Trang phục khác,,
,set_seihuku,Bộ Đồng phục,,
,set_under,Bộ Đồ lót,,
,set_socks,Bộ Tất,,
,set_bunny,Bộ Đồ thỏ,,
,set_taiiku,Bộ Đồ thể dục,,■0829追加
,set_event,Trang phục Sự kiện,,■0829追加
,,,,
,Group_None,[Chưa xác định],,
,Group_Top,Áo,,
,Group_Bottom,Quần / Váy,,
,Group_OnePiece,Váy liền thân,,
,Group_Socks,Tất,,
,Group_Shoes,Giày,,
,Group_Under,Nội y,,
,Group_Accessory,Phụ kiện,,
,Group_Etc,Khác,,
,,,,
,,,,
,,,,
,,,,
,,,,
,,,,
,,,,
■UserReport,,,,
,バグ報告,Báo cáo Lỗi,,
,userReportDescription,"Vui lòng mô tả lỗi và hoàn cảnh xảy ra.
Thông tin về tiến trình game và hệ thống của bạn sẽ được ghi lại tự động. Chúng tôi không thu thập thông tin cá nhân.",,
,どのような不具合かお書き下さい。,Mô tả lỗi:,,
,その他、詳細があればここにお書きください。,Thông tin chi tiết (nếu có):,,
,送信,Gửi,,
,,,,
,,,,
■セーブロード,,,,
,,,,
,オートセーブ,Lưu tự động,,
,セーブスロット,Ô lưu,,
,レベル :,Cấp độ :,,
,プレイ時間,Thời gian chơi,,
,memo:,Ghi chú:,,
,コピー,Sao chép,,
,移動,Di chuyển,,
,(空のスロット),(Ô trống),,
,メモを記入...,Nhập ghi chú...,,
,,,,
,削除するスロットを選択してください,Chọn ô cần xóa,,
,移動するスロットを選択してください,Chọn ô cần di chuyển đến,,
,ロードするスロットを選択してください,Chọn ô cần tải,,
,セーブするスロットを選択してください,Chọn ô cần lưu,,
,コピーするスロットを選択してください,Chọn ô cần sao chép,,
,saveWindow_handover_title,Chọn Dữ liệu để Kế thừa,,■0911追加
,saveWindow_handover_text,Bạn có thể kế thừa vật phẩm từ Vòng quay.,,■0911追加
,,,,
,削除しますか,Bạn có chắc chắn muốn xóa?,,
,,,,
,上書きしてセーブしますか？,Lưu đè lên file này?,,
,上書き,Lưu đè,,
,,,,
■Loading,,,,
,Loading,Đang tải,,
,Loading Scene,Đang tải màn chơi,,
,Activating Scene,Đang kích hoạt màn chơi,,
,Complete,Hoàn tất,,
■Start,,,,
,tmp_title,Ứng dụng Tẩy não,,
,NEW GAME,Chơi Mới,,
,NEW GAME_plus,Chơi Lại+,,
,start_Ending,Hồi tưởng Kết thúc,,■0829追加
,グラフィック設定,Cài đặt Đồ họa,,
,Language,Ngôn ngữ,,
,OPTION,TÙY CHỈNH,,
,EXIT,THOÁT,,
,ONLINE HELP,HỖ TRỢ TRỰC TUYẾN,,
,,,,
,エンディングを選択してください,Chọn Kết thúc để xem lại,,■0829追加
,,,,
■購入案内,,,,
,PurchaseGuide_title,Hướng dẫn Mua hàng,追記,
,PurchaseGuide_tex1,① Mua điểm tại forbooks.jp,追記,
,PurchaseGuide_button_point,forbooks.jp,追記,
,PurchaseGuide_tex2,② Dùng điểm để mua tại DLsite.com,追記,
,PurchaseGuide_button_dlsite,DLsite.com,追記,
,PurchaseGuide_button_fanza,Mua tại Fanza,追記,
,,,,
■Menu,,,,
,●未解除,●Chưa Mở khóa,,
,●実行可能,●Có thể Thực hiện,,
,●経験済み,●Đã Trải nghiệm,,
,調教期間,Thời gian Dạy dỗ,,
,日目,Ngày,,
,調教レベル,Cấp độ Dạy dỗ,,
,経験値,Điểm Kinh nghiệm,,
,次のレベルまで,Để lên Cấp tiếp theo,,
,従順度,Độ Phục tùng,,
,淫語レベル,Trình độ Dâm ngữ,,
,淫乱度,Độ Dâm loạn,,■0829追加
,依存度,Hảo cảm,,■0829追加
,プレイ傾向,Phong cách Dạy dỗ,,■0829追加
,menu_meter_奉仕,Phục vụ,,■0829追加
,menu_meter_快感,Khoái cảm,,■0829追加
,絶頂傾向,Xu hướng Lên đỉnh,,
,男根-玩具,Cặc vs Đồ chơi,,
,男根,Cặc,,
,玩具,Đồ chơi,,
,多い,Nhiều,,
,強い,Mạnh,,
,menu_ガチャコイン,Xu Gacha:,,
,,,,
,,,,
,トップへ戻る,Về Menu chính,,
,調教開始,Bắt đầu Dạy dỗ,,
,エンディングへ,Đến Kết cục,,
,menu_ガチャ,Gacha,,■0829追加
,menu_所持アイテム,Túi đồ,,
,menu_アイテム,Vật phẩm,,■0829追加
,menu_淫語,Dâm ngữ,,■0829追加
,,,,
,シチュエーションを選んでください,Xin hãy chọn tình huống,,
,廊下,Hành lang,,
,保健室,Phòng Y tế,,
,教室,Lớp học,,
,教室(集団洗脳),Lớp học (Tẩy não tập thể),,
,,,,
,調教状況詳細,Tình trạng Dạy dỗ,,
,開発レベル:,Cấp độ Khai phá:,,
,絶頂回数:,Số lần Lên đỉnh:,,
,射精回数,<size=18>Số lần Xuất tinh</size>,,
,総絶頂回数,<size=16>Tổng số lần Lên đỉnh</size>,,
,menu_射精箇所_膣,Trong Lồn,,■0909追加
,menu_射精箇所_アナル,Lỗ Đít,,■0909追加
,menu_射精箇所_口,Trong Miệng,,■0909追加
,menu_射精箇所_胸,Trên Ngực,,■0909追加
,menu_射精箇所_体,Bắn Lên Người,,■0909追加
,menu_射精箇所_顔,Bắn Lên Mặt,,■0909追加
,menu_手,Tay,,
,menu_舌,Lưỡi,,■0909追加
,menu_玩具,Đồ chơi,,
,menu_オナニー,Tự sướng,,
,menu_ペニス,Dương vật,,
,menu_強制絶頂,Ép Lên Đỉnh,,
,潮吹き回数,<size=18>Số lần Phun nước</size>,,
,合計潮吹き量,Tổng lượng nước,,
,潮吹き癖,Tật Phun nước,,■0909追加
■Menu ステータステキスト,,,,
,menu_アプリ機能,Chức năng Ứng dụng,,
,menu_アイテム,Vật phẩm,,
,menu_シチュエーション,Tình huống,,
,menu_調教ステータス,Trạng thái Dạy dỗ,,
,New!Menu,Mới!,,
,,,,
,FlagText_催眠,Thôi miên,,
,FlagText_金縛り,Trói buộc,,
,FlagText_常識改変,Cải biến Nhận thức,,
,FlagText_発情,Động dục,,
,FlagText_集団洗脳,Tẩy não Tập thể,,
,FlagText_ポーズ指示,Ra lệnh Tạo dáng,,
,FlagText_オナニー指示,Ra lệnh Tự sướng,,
,FlagText_強制絶頂,Ép Lên Đỉnh,,
,FlagText_パイズリ,Ra lệnh Kẹp vú,,
,,,,
,FlagText_手,Tay,,
,FlagText_ペニス挿入,Đút Cặc,,
,FlagText_デンマ,Máy Rung,,
,FlagText_ローター,Trứng Rung,,
,FlagText_リモコンローター,Trứng Rung Điều khiển,,
,FlagText_バイブ,Dildo,,
,FlagText_落書き,Vẽ bậy,,
,FlagText_ローター装着（×1 ）,Lắp Trứng Rung (x1),,
,FlagText_ローター装着,Lắp Trứng Rung,,
,FlagText_バイブ装着,Lắp Máy Rung,,
,FlagText_アナルビーズ挿入,Nhét Bi Hậu môn,,
,FlagText_破り,Xé rách,,
,FlagText_スパンキング,Vỗ mông,,
,FlagText_スティックローター,Máy Rung Que,,
,,,,
,FlagText_廊下,Hành lang,,
,FlagText_保健室,Phòng Y tế,,
,FlagText_教室,Lớp học,,
,FlagText_教室（集団）,Lớp học (Tẩy não Tập thể),,
,FlagText_校舎裏,Sân sau Trường,,
,FlagText_パーティー,Bữa tiệc,,
,FlagText_パーティー（集団）,Bữa tiệc (Tẩy não Tập thể),,
,FlagText_体育倉庫,Kho Dụng cụ Thể chất,,
,,,,
,FlagText_クリ絶頂,Lên Đỉnh Hột Le,,
,FlagText_乳首絶頂,Lên Đỉnh Đầu Ti,,
,FlagText_乳房絶頂,Lên Đỉnh Vú,,
,FlagText_膣絶頂,Lên Đỉnh Lồn,,
,FlagText_アナル絶頂,Lên Đỉnh Lỗ Đít,,
,FlagText_二穴絶頂,Lên Đỉnh Cả Hai Lỗ,,
,FlagText_Gスポット絶頂,Lên Đỉnh Điểm G,,
,FlagText_ポルチオ絶頂,Lên Đỉnh Cửa Tử cung,,
,FlagText_子宮絶頂,Lên Đỉnh Tử cung,,
,FlagText_連続絶頂,Lên Đỉnh Liên tục,,
,FlagText_甘イキ,Nhạy cảm,,
,FlagText_絶頂レベル1,Cấp độ Lên đỉnh 1,,
,FlagText_絶頂レベル2,Cấp độ Lên đỉnh 2,,
,FlagText_絶頂レベル3,Cấp độ Lên đỉnh 3,,
,FlagText_絶頂レベル4,Cấp độ Lên đỉnh 4,,
,FlagText_絶頂レベル5,Cấp độ Lên đỉnh 5,,
,FlagText_アナル拡張済み,Lỗ Đít đã Giãn,,
,FlagText_常時発情,Thường xuyên Động dục,,
,FlagText_羞恥心,Xấu hổ hóa Sướng,,
,FlagText_潮吹きLv1,Phun nước Lv1,,
,FlagText_潮吹きLv2,Phun nước Lv2,,
,,,,
,FlagText_淫語レベル1,Trình độ Dâm ngữ 1,,
,FlagText_淫語レベル2,Trình độ Dâm ngữ 2,,
,FlagText_淫語レベル3,Trình độ Dâm ngữ 3,,
,FlagText_淫語レベル4,Trình độ Dâm ngữ 4,,
,,,,
,,,,
,tooltip_催眠,"Khiến đối phương mất tỉnh táo, tuân theo mọi mệnh lệnh.",,
,tooltip_金縛り,Khiến đối phương không thể cử động dù vẫn còn tỉnh táo.,,
,tooltip_常識改変,Thay đổi nhận thức của đối phương về những điều thông thường.,,
,tooltip_発情,Khiến ý thức và cơ thể của đối phương trở nên dâm đãng.,,
,tooltip_集団洗脳,"Tiến hành tẩy não tập thể, thay đổi nhận thức chung.",,
,tooltip_ポーズ指示,Ra lệnh cho đối phương tạo những tư thế dâm đãng.,,
,tooltip_オナニー指示,Ra lệnh và ép buộc đối phương phải tự sướng.,,
,tooltip_強制絶頂,"Ép đối phương lên đỉnh, không giới hạn thời gian và hoàn cảnh.",,
,tooltip_パイズリ,Dùng ngực để kẹp lấy cặc.,,
,,,,
,tooltip_手,Dùng tay để dạy dỗ.,,
,tooltip_ペニス挿入,Có thể đút vào và xuất tinh.,,
,tooltip_デンマ,Có thể sử dụng máy rung.,,
,tooltip_ローター,Có thể sử dụng trứng rung màu hồng.,,
,tooltip_リモコンローター,Có thể sử dụng trứng rung điều khiển từ xa trong giờ học.,,
,tooltip_バイブ,Có thể sử dụng dildo.,,
,tooltip_落書き,"Có thể vẽ bậy lên người.
(※Chức năng phụ, không ảnh hưởng đến trạng thái.)",,
,tooltip_ローター装着（×1 ）,Lắp trứng rung lên người. (Một bộ phận),,
,tooltip_ローター装着,Lắp trứng rung lên người. (Không giới hạn),,
,tooltip_バイブ装着,Lắp máy rung.,,
,tooltip_アナルビーズ挿入,Nhét bi vào hậu môn.,,
,tooltip_スパンキング,Có thể vả vào cơ thể.,,
,tooltip_破り,"Xé rách quần tất, vớ da.",,
,,,,
,tooltip_廊下,Có thể dạy dỗ ở hành lang.,,
,tooltip_保健室,Có thể dạy dỗ ở phòng y tế.,,
,tooltip_教室,Có thể dạy dỗ trong lớp học.,,
,tooltip_教室（集団）,Tẩy não cả lớp để dạy dỗ ngay trong giờ học.,,
,tooltip_校舎裏,Có thể dạy dỗ ở sân sau trường vắng người.,,
,tooltip_パーティー,Có thể dạy dỗ ở sảnh tiệc.,,
,tooltip_パーティー（集団）,Tẩy não tất cả khách mời để dạy dỗ ngay tại bữa tiệc.,,
,tooltip_体育倉庫,Có thể dạy dỗ trong kho dụng cụ thể chất.,,
,,,,
,tooltip_クリ絶頂,Có thể lên đỉnh thông qua hột le.,,
,tooltip_乳首絶頂,Chỉ cần kích thích đầu ti là có thể đạt đến cực khoái.,,
,tooltip_乳房絶頂,Chỉ cần kích thích vú là có thể đạt đến cực khoái.,,
,tooltip_膣絶頂,Có thể lên đỉnh thông qua âm đạo.,,
,tooltip_アナル絶頂,Có thể lên đỉnh thông qua kích thích hậu môn.,,
,tooltip_二穴絶頂,Có thể lên đỉnh khi cả hậu môn và âm đạo đều đang bị đút vào.,,
,tooltip_Gスポット絶頂,Có thể đạt đến cực khoái thông qua kích thích điểm G.,,
,tooltip_ポルチオ絶頂,Có thể đạt đến cực khoái thông qua kích thích sâu trong âm đạo.,,
,tooltip_子宮絶頂,Có thể đạt đến cực khoái thông qua kích thích bên ngoài tử cung.,,
,tooltip_連続絶頂,Có thể lên đỉnh liên tục.,,
,tooltip_甘イキ,Chỉ cần một chút kích thích nhẹ là có thể hơi lên đỉnh.,,
,tooltip_絶頂レベル1,Lên đỉnh một cách e thẹn như một nữ sinh.,,
,tooltip_絶頂レベル2,Cơn cực khoái mãnh liệt khi lần đầu cảm nhận khoái cảm tình dục.,,
,tooltip_絶頂レベル3,Lên đỉnh một cách dữ dội hơn cả lần đầu tiên.,,
,tooltip_絶頂レベル4,"Lên đỉnh một cách dâm đãng, bộc lộ hết bản năng.",,
,tooltip_絶頂レベル5,Lên đỉnh như một con thú hoang trong cơn mê dại.,,
,tooltip_アナル拡張済み,Có thể đút vào hậu môn mà không cần dạo đầu.,,
,tooltip_常時発情,"Thường xuyên ở trong trạng thái động dục, không cần dạo đầu cũng có thể lập tức cảm thấy khoái cảm.",,
,tooltip_羞恥心,Sự xấu hổ chuyển hóa thành khoái cảm.,,
,tooltip_潮吹きLv1,Có thể phun nước thông qua kích thích điểm G.,,
,tooltip_潮吹きLv2,Thường xuyên phun nước khi lên đỉnh.,,
,,,,
,tooltip_淫語レベル1,Sẽ sử dụng những từ ngữ tục tĩu ở mức tối thiểu.,,
,tooltip_淫語レベル2,Sẽ sử dụng những từ ngữ dâm đãng.,,
,tooltip_淫語レベル3,Học được cách nói tục tĩu về các bộ phận sinh dục.,,
,tooltip_淫語レベル4,Sẽ sử dụng những từ ngữ hạ lưu và thô thiển nhất.,,
,,,,
,,,,
■Menu ガチャ,,,,
,menu_gacha_title,Gacha Vật phẩm,,
,menu_gacha_coin,Xu Gacha ×***,,replace***
,menu_gacha_itemRemaining,Số vật phẩm còn lại ×***,,replace***
,menu_gacha_start,Quay Gacha,,■0902追加
,menu_gacha_noCoin,Không đủ Xu Gacha,,■0910追加
,,,,
,獲得済みアイテム,Vật phẩm đã nhận,,
,,,,
■ガチャアイテム,,,,
,GI_bunny,Trang phục Thỏ Ngọc,,
,GI_bunny_D,"Trang phục thỏ ngọc một mảnh với độ hở hang cao.
Độ bóng gợi cảm trên bề mặt mời gọi đàn ông.",,
,GI_bunny-white,Trang phục Thỏ Ngọc (Trắng),,
,GI_bunny-white_D,"Trang phục thỏ ngọc một mảnh với độ hở hang cao.
Thỏ trắng là biểu tượng của sự động dục.",,
,GI_bunny-highleg,Thỏ Ngọc Hở Bạo,,
,GI_bunny-highleg_D,"Trang phục thỏ ngọc với độ hở hang cao hơn nữa.
Phần đáy quần nhỏ đến mức như sắp lộ hàng.",,
,GI_catset,Set Tai Mèo,,
,GI_catset_D,Set tai mèo và đuôi. Gốc đuôi có thể nhét vào hậu môn.,,
,GI_kubiwa,Vòng Cổ,,
,GI_kubiwa_D,Vòng cổ dùng cho chó mèo.,,
,GI_u-black,Set Đồ Lót Đen,,
,GI_u-black_D,Nội y đen gợi cảm.,,
,GI_u-white,Set Đồ Lót Trắng,,
,GI_u-white_D,Nội y trắng gợi cảm.,,
,GI_u-sports,Set Đồ Lót Thể Thao,,
,GI_u-sports_D,"Set đồ lót thể thao mềm mại.
Mặc bộ này rồi chụp ảnh tự sướng đang là mốt gần đây.",,
,GI_u-border,Set Quần Lót Sọc,,
,GI_u-border_D,"Set quần lót sọc  kinh điển trong anime.
Vì là đồ cosplay nên chất liệu rất mỏng.",,
,GI_tights-net-l,Tất Lưới (Mắt Lớn),,
,GI_tights-net-l_D,"Tất lưới gợi cảm toát lên vẻ quyến rũ của người trưởng thành.
Mắt lưới lớn trông rất dâm đãng.",,
,GI_tights-net-s,Tất Lưới (Mắt Nhỏ),,
,GI_tights-net-s_D,"Tất lưới gợi cảm toát lên vẻ quyến rũ của người trưởng thành.
Mắt lưới nhỏ nhấn mạnh đường cong cơ thể.",,
,GI_stocking-suke,Vớ Da Xuyên Thấu,,
,GI_stocking-suke_D,"Vớ da mỏng có thể nhìn xuyên thấu da thịt.
Vi phạm nội quy nhà trường.",,
,GI_niso,Tất Cao Cổ,,
,GI_niso_D,"Tất cao đến gối có thể dùng để cosplay hoặc mặc thường ngày.
Mặc vào sẽ làm nổi bật phần đùi.",,
,GI_stickroter,Que Rung Chọc Ngoáy,,
,GI_stickroter_D,"Một loại máy rung có gắn que dài.
Có thể luồn sâu vào âm đạo, khuấy đảo trực tiếp cửa tử cung và các điểm nhạy cảm.",,
,GI_condom-pink,"Bao Cao Su Thường
(Hồng)",,
,GI_condom-pink_D,Loại bao cao su rẻ tiền mua theo lố. Tên 'thường' nhưng dùng cũng không đến nỗi tệ.,,
,GI_condom-green,"Bao Cao Su Thường
(Xanh)",,
,GI_condom-green_D,Loại bao cao su rẻ tiền mua theo lố. Có mùi như bong bóng cao su.,,
,GI_condom-blue,"Bao Cao Su Thường
(Xanh dương)",,
,GI_condom-blue_D,Loại bao cao su rẻ tiền mua theo lố. Rất hữu dụng khi cần sinh tồn trên đảo hoang.,,
,GI_condom-usu,Bao Cao Su Siêu Mỏng,,
,GI_condom-usu_D,"Bao cao su cao cấp siêu mỏng 0.01mm, cho phép cảm nhận xúc cảm của âm đạo một cách chân thật hơn.
Cảm giác chân thật như không đeo.",,
,GI_condom-ibo,Bao Cao Su Gai,,
,GI_condom-ibo_D,Bao cao su có gắn những chiếc gai dâm đãng. Giúp tăng cường kích thích cho dương vật.,,
,,,,
,EI_partyDress,Váy Dạ Hội,,
,EI_partyDress_D,Váy dạ hội trong sáng và kín đáo.,,
,EI_eroDress,Váy Khiêu Dâm,,
,EI_eroDress_D,"Một chiếc váy gợi dục và đầy khêu gợi.
Còn dâm đãng hơn cả khỏa thân.\n(Phần thưởng khi hoàn thành kết thúc)",,
,EI_dog,Set Tai Chó,,■0919追加
,EI_dog_D,Set tai chó và đuôi. Gốc đuôi có thể nhét vào hậu môn.\nChó càng hư càng đáng yêu.\n(Phần thưởng khi hoàn thành kết thúc),,■0919追加
,EI_bote,Bụng Bầu Giả,,
,EI_bote_D,Phụ kiện mô phỏng lại bụng bầu. Là bằng chứng cho việc đã làm tình không bao cao su cho đến khi mang thai.\n(Phần thưởng khi hoàn thành kết thúc),,■0919追加
,,,,
,,,,
,ID_pnt_normal,Quần Lót của Nadeshiko,,
,ID_pnt_normal_D,"Chiếc quần lót màu xanh pastel trong sáng mà Nijouin Nadeshiko đã từng mặc. Vẫn còn vương lại mùi thơm mềm mại của nước xả vải, hòa quyện cùng một chút hương mồ hôi thanh khiết. Vì đã lỡ tay cởi ra rồi cầm về luôn, nên đành 'mượn tạm' vậy.",,
,,,,
,,,,
,ID_smartphone,Ứng dụng Tẩy não,,
,ID_smartphone_D,"Một ứng dụng kỳ lạ tình cờ có được. Sử dụng những hình ảnh và âm thanh kỳ lạ để tẩy não đối tượng. Càng sử dụng thì các chức năng sẽ dần được mở khóa.
Rốt cuộc là ai đã tạo ra nó vì mục đích gì?",,
,,,,
,ID_rotor,Trứng Rung,,
,ID_rotor_D,"Viên bi hình cầu rung màu hồng. Có thể kích thích các phần nhô ra như hột le hay đầu ti, cũng có thể nhét vào âm đạo hoặc hậu môn. Đơn giản nhưng hiệu quả vượt trội.",,
,ID_vibrator,Dildo,,
,ID_vibrator_D,Đồ chơi mô phỏng dương vật. Có thể kích thích đồng thời hột le và âm đạo. Que rung ngọ nguậy trong âm đạo mang lại khoái cảm có thể hơn cả hàng thật.,,
,ID_analbeads,Bi Hậu Môn,,
,ID_analbeads_D,Đồ chơi có các viên bi nối liền nhau. Dùng bằng cách nhét vào hậu môn. Nhét vào sâu rồi rút mạnh ra sẽ tạo ra kích thích đủ để bất kỳ quý cô nào cũng phải rên lên những tiếng bẩn thỉu.,,
,ID_denma,Máy Mát Xa,,
,ID_denma_D,"Một dụng cụ y tế cực kỳ lành mạnh. Dùng để mát-xa những vùng cơ thể mệt mỏi. Vì độ rung rất mạnh, **tuyệt đối không được sử dụng cho các mục đích khác**.",,
,ID_rakugaki,Bút Vẽ Bậy,,
,ID_rakugaki_D,"Bút có thể vẽ bậy lên cơ thể. Nội dung vẽ sẽ không bị người khác nhìn thấy. Mực an toàn, tắm là trôi ngay.",,
,,,,
,,,,
■Menu demo,,,,
,menu_demo_title,Đã đạt cấp độ tối đa của phiên bản Truy Cập Sớm,,
,menu_demo_text,"Vô cùng cảm ơn sự ủng hộ và đã chơi phiên bản Truy Cập Sớm của quý vị.
Phần tiếp theo hiện đang trong quá trình sản xuất.
Xin hãy vui lòng chờ đợi cho đến khi hoàn thành.",,
,,,,
,,,,
,menu_freedemo_title,Đã đạt cấp độ tối đa của phiên bản Dùng thử,,
,menu_freedemo_text,"Cảm ơn quý vị đã chơi phiên bản Dùng thử.
Phần tiếp theo xin hãy thưởng thức trong phiên bản Chính thức.",,
,,,,,
,,,,,
,,,,,
,,,,,
,,,,,
,,,,,
,,,,,
,,,,,
,,,,,
,,,,,
,,,,,
,,,,,
■オープニング,,,,
,op_mail_title,"Tiêu đề: ✨Tin vui cho bạn đang phiền não!!✨
Ứng dụng Tẩy não sẽ giúp bạn giải quyết mọi vấn đề khó khăn trong cuộc sống!",,
,op_mail_text,"☆★CHÚC MỪNG!!★☆
Bạn đã được công ty chúng tôi chọn làm người thử nghiệm cho ứng dụng Tẩy não hiện vẫn đang trong giai đoạn phát triển!

Bạn chỉ cần làm một việc!
Đó là nhấn vào liên kết này & tải về!

Một cuộc sống đầy rẫy khủng hoảng, những kẻ nhà giàu đáng ghét, có muốn trút giận cho bản thân không?

Xin hãy lập tức nhấn vào liên kết dưới đây, để tải về ứng dụng Tẩy não.

<color=""blue""> <u>☆★!! Không tin cũng không sao, xin hãy thử tải về xem! ★☆</u></color>",,
,op_download,Tải về,,
,op_description,"Cảm ơn bạn đã hỗ trợ thử nghiệm β cho ứng dụng Tẩy não.

Ứng dụng này có thể khiến đối phương rơi vào trạng thái bị tẩy não thông qua ánh sáng và sóng âm đặc biệt phát ra từ màn hình, để bạn mặc sức thao túng.


<color=""white""><b>Cách Tẩy não:</b></color><color=#F4B5FF>Nhấn nút BẬT Thôi miên, hướng màn hình về phía mục tiêu</color>""
Sau khi đối phương đã bình tĩnh lại, họ sẽ nghe theo chỉ thị của bạn.

<color=""white""><b>Cách Giải trừ:</b></color><color=#F4B5FF>Nhấn nút Giải trừ</color>
Sóng âm giải trừ sẽ lập tức hóa giải trạng thái tẩy não của đối phương. Ký ức trong lúc bị tẩy não sẽ bị niêm phong.

Vì bạn là người thử nghiệm, sau khi bạn đã quen với ứng dụng, chúng tôi sẽ lần lượt mở khóa các chức năng mới cho bạn.

Xin hãy nhất định thử nghiệm các chức năng khác nhau.

<align=""center""><color=""white""><b>※Nghiêm cấm sử dụng cho các mục đích phi pháp※</b></color></align>",,
,,,,,
,,,,,
■Game,,,,
■スマホ,,,,
,洗脳アプリ,Ứng dụng Tẩy não,,
,催眠アプリ,<size=34>Ứng dụng Thôi miên<size=34>,,
,,,,
,button催眠,BẬT Thôi miên,,
,button金縛り,BẬT Trói buộc,,
,button常識改変,Cải biến Nhận thức,,
,button発情,BẬT Động dục,,
,,,,
,調教終了,Kết thúc Dạy dỗ,,
,強制絶頂,Ép Lên Đỉnh,,
,,,,
,催眠中,Đang Thôi miên,,
,集団洗脳中,Đang Tẩy não Tập thể,,
,催眠解除,Giải trừ Thôi miên,,
,menu,Menu,,
,カメラ,Camera,,
,衣装,Trang phục,,
,オート,Tự động,,
,アイテム,Vật phẩm,,
,,,,
■チートモード,,,,
,cheatMode_result,Chế độ Cheat,,
,cheatMode_title,CHẾ ĐỘ CHEAT,,
,cheatMode_alloff,TẮT\nTẤT CẢ,,
,cheatMode_cLevel,Cấp độ Dạy dỗ,,
,cheatMode_zone,Vùng nhạy cảm,,
,cheatMode_zoneLevel,Cấp độ,,
,cheatMode_zoneArousal,Hưng phấn,,
,cheatMode_ecstasyMax,Giới hạn Cực khoái,,
,cheatMode_ecstasyTh,Cường độ Cực khoái,,
,cheatMode_oppaiScale,Cỡ Ngực,,
,cheatMode_ecstasyZone,Vùng Cực khoái,,
,cheatMode_skinColor,Màu Da,,
,cheatMode_allClothOFF,Cởi hết Quần áo,,
,cheatMode_resetVirgin,Khôi phục Trinh tiết,,
,CheatModeWarningText,"Chế độ Cheat là một chế độ tặng kèm, được phát triển dựa trên các chức năng gỡ lỗi.\n\n・Thay đổi cấp độ hoặc chỉ số có thể khiến lời thoại trở nên không tự nhiên.\n・Thay đổi cỡ ngực khi đang mặc quần áo sẽ gây ra lỗi hiển thị.\n・Các cấp độ được tăng sẽ quay về trạng thái ban đầu khi phân cảnh kết thúc.",,
,CheatModeWarning_close,Xác nhận,,
,,,,
■アイテムUI,,,,
,itemUI_乳首 左,Đầu ti Trái,,
,itemUI_乳首 右,Đầu ti Phải,,
,itemUI_クリトリス,Hột le,,
,itemUI_膣,Âm đạo,,
,itemUI_アナル,Hậu môn,,
,itemUI_vive_クリ,Hột le,,
,itemUI_vive_膣,Âm đạo,,
,itemUI_挿入・タッチ,"Đút vào, Sờ mó",,
,itemUI_タッチ,Sờ mó,,
,itemUI_挿入,Đút vào,,
,itemUI_yaburi_toggle,Chuyển đổi Thao tác,,■0926追加
,itemUI_yaburi_text_normal,Click để Kéo\nClick chuột giữa để Xé,,■0926追加
,itemUI_yaburi_text_reverse,Click để Xé\nClick chuột giữa để Kéo,,■0926追加
,,,,
,,,,
■メーター　キャラ,,,,
,meter_level,Cấp độ Dạy dỗ: ***,,
,meter_day,Ngày thứ ***,,
,ステータス,Trạng thái,,
,絶頂 : ,"<size=13>Cực khoái<size=13>: ",,
,寸止め発生,Bỏ dở,,
,,,,
,metericon_羞恥,Xấu hổ,,
,metericon_潮吹き,Phun nước,,
,,,,
,,,,
■メーター　Zone,,,,,
,meter_arousalbar,Độ nhạy :,,,
,開発レベル : ,Cấp độ khai phá : ,,,
,欲求,Dục vọng,,,
,痛み,Đau đớn,,,
,快感,Khoái cảm,,,
,焦らし,Trêu tức,,,
,絶頂可能,"<size=14>Có thể
lên đỉnh<size=14>",,,
,解消,Hóa giải,,,
,,,,,
■サイドバー,,,,
,sidebarTab_camera,Camera,,■0917追加
,sidebarTab_auto,Tự động,,■0917追加
,sidebarTab_cloth,Trang phục,,■0917追加
,sidebarTab_item,Vật phẩm,,■0917追加
,,,,
,clothToggle_脱がす,Cởi ra,,
,clothToggle_着せる,Mặc vào,,
,Label_outOfValue,Trạng thái hiện tại không thể cởi ra.,,
,Label_slotIsFill,Đang mặc trang phục khác!,,
,Label_outOfSituation_cloth,Hiện tại không thể chạm vào.,,
,Label_outOfSituation_item,Hiện tại không thể chạm vào.,,
,Label_outOfSituation_auto,Hiện tại không thể chạm vào.,,
,セット別,Theo bộ,,
,部位別,Theo loại,,
,cloth_全て,Tất cả,,
,cloth_ONのみ,Đang mặc,,
,cloth_OFFのみ,Đã cởi,,
,cloth_Open,Mở rộng,,
,cloth_Close,Thu gọn,,
,付ける,Trang bị,,
,外す,Tháo ra,,
,,,,
,,,,
オート,,,,
,手　オート設定,Tay Tự động,,
,ペニス　オート設定,Dương vật Tự động,,
,ピストン,Đâm rút,,
,自動射精,Tự động Xuất tinh,,
,autoPiston_絶頂で停止,Dừng khi Lên đỉnh,,
,autoPiston_継続,Tiếp tục,,
,オートアイテム,Tự động Vật phẩm,,■0917追加
,autoItem_tutorial,"Click chuột giữa
hoặc
Phím A
Cố định Vật phẩm",,■0917追加
,autoItem_off,TẮT,,■0917追加
※アイテムは冒頭に,,,,
,,,,
衣装（old）,リボンを外す,Cởi Nơ,,
,リボンを着ける,Thắt Nơ,,
,上着を脱がせる,Cởi Áo,,
,上着を着せる,Mặc Áo,,
,ブラを外す,Cởi Áo lót,,
,ブラを付ける,Mặc Áo lót,,
,スカートを脱がせる,Cởi Váy,,
,スカートを着せる,Mặc Váy,,
,ぱんつを脱がせる,Cởi Quần lót,,
,ぱんつを履かせる,Mặc Quần lót,,
,,,,
カメラ,cam_回転,Xoay,,
,cam_移動,Di chuyển,,
,ズーム,Gần xa,,
,カメラ1,Góc máy 1,,
,カメラ2,Góc máy 2,,
,カメラ3,Góc máy 3,,
,,,,
撮影モード,PhotoMode_start,Chế độ Chụp ảnh,,
,PhotoMode_end,Thoát Chế độ Chụp ảnh,,
,PhotoMode_title,Chế độ Chụp ảnh,,
,PhotoMode_take,Chụp,,
,PhotoMode_folder,Mở Thư mục,,
,PhotoMode_nextfilter,Đổi Hiệu ứng,,
,,,,
■コマンドボタン,,,,
,精液を拭く,Lau Tinh dịch,,
,オナニーをしろ,Bắt đầu Tự sướng,,
,オナニーをやめろ,Dừng Tự sướng,,
,スカートを上げろ,Vén Váy,,
,スカートを下せ,Hạ Váy,,
,脚を開け,Dang Chân,,
,M字開脚,Dang chân chữ M,,
,教科書朗読,Đọc bài,,
,ベッドに入る,Lên Giường,,
,ベッドから出る,Xuống Giường,,
,授業開始,Vào học,,
,パーティー開始,Bắt đầu Tiệc,,
,脚を閉じる,Khép Chân,,
,脚を少し閉じる,Hơi khép Chân,,
,机透過,Nhìn xuyên bàn,,
,立て,Đứng dậy,,
,しゃがめ,Ngồi xổm,,
,前を向け,Quay về trước,,
,後ろを向け,Quay về sau,,
,朗読開始,Bắt đầu Đọc bài,,
,挨拶開始,Bắt đầu Chào hỏi,,
,挨拶終了,Kết thúc Chào hỏi,,
,,,,
,it_精液を拭く,Lau Tinh dịch,,
,it_オナニーをさせる,Ép Tự sướng,,
,it_オナニーをやめさせる,Dừng Tự sướng,,
,it_スカートをたくし上げさせる,Vén Váy lên,,
,it_たくし上げをやめさせる,Không vén Váy,,
,it_脚を開かせる,Dang Chân,,
,it_M字開脚させる,Tạo dáng Chữ M,,
,it_脚を閉じさせる,Khép Chân,,
,it_教科書を朗読する,Đọc bài,,
,it_横になる,Nằm xuống,,
,it_立たせる,Đứng dậy,,
,it_教室に入る,Vào Lớp,,
,it_パーティー会場に向かう,Đến Sảnh tiệc,,
,it_閉じる,Đóng,,
,it_机の透過を切り替える,Chuyển sang Nhìn xuyên bàn,,
,it_立ち上がらせる,Đứng dậy,,
,it_しゃがませる,Ngồi xổm,,
,it_ポーズを変更する,Đổi Tư thế,,
,it_招待客に挨拶回りをする,Đi Chào khách,,
,it_挨拶回りを中断する,Dừng Chào khách,,
,it_opskip,Bỏ qua phần mở đầu và hướng dẫn.,,
,,,,
,,,,
,,,,
■淫語ツリー,,,,
,淫語解放,Mở khóa Dâm ngữ,,
,淫語ツリー_text,"※Khi các từ khóa quan trọng chưa được mở khóa, lời thoại sẽ ít hơn.",,
,Lv. 1,Cấp 1,,
,Lv. 2,Cấp 2,,
,Lv. 3,Cấp 3,,
,Lv. 4,Cấp 4,,
,基礎知識,Kiến thức Cơ bản,,
,応用,Nâng cao,,
,性器名称,Tên gọi Thân mật,,
,ドスケベワード,Từ ngữ Gợi tình,,
,ちょっと重要,Hơi Quan trọng,,■0910追加
,とても重要,Rất Quan trọng,,■0910追加
,ingo_allforget,Quên hết Dâm ngữ,,■0926追加
,,,,
■淫語ワード,ingo_イク,Ra rồi,,
,ingo_おまんこ,Lồn,,
,ingo_オナニー,Tự sướng,,
,ingo_おちんぽ,Cặc,,
,ingo_潮吹き,Phun nước,,
,ingo_クリトリス,Hột le,,
,ingo_ポルチオ,Cổ tử cung,,
,ingo_アナル,Hậu môn,,
,ingo_ザーメン,Nòng nọc,,
,ingo_Gスポット,Điểm G,,
,ingo_アクメ,Lên đỉnh,,
,ingo_絶頂報告,Báo cáo Lên đỉnh,,
,ingo_ケツ穴,Lỗ Đít,,
,ingo_マンズリ,Cọ xát,,
,ingo_中出し,Xuất tinh vào trong,,
,ingo_種付け,Gieo giống,,
,ingo_孕む,Mang thai,,
,,,,
,,,,
■メッセージウィンドウ,,,,
,messsage_next,▼CLICK,,
,,,,
■ホイール,,,,
,iw_脱がせ,Cởi đồ,,
,iw_揉み,Xoa nắn,,
,iw_電マ,Máy Rung,,
,iw_ローター,Trứng Rung,,
,iw_バイブ,Dildo,,
,iw_落書き,Vẽ bậy,,
,iw_penis,Cặc,,
,iw_スティックローター,Máy Rung Que,,
,iw_スパンキング,Vả,,
,iw_yaburi,Xé,,
,iw_tongue,Liếm,,
,iw_OFF,TẮT,,
,,,,
■チュートリアル,,,,
,tutorial_Click This,↓Click Đây↓,,
,tutorial_上着を脱がせる,Cởi Áo khoác,,
,tutorial_セーターを脱がせる,Cởi Áo len,,
,tutorial_シャツを脱がせる,Cởi Áo sơ mi,,
,tutorial_ストッキングを脱がせる,Cởi Vớ da,,
,tutorial_ぱんつを脱がせる,Cởi Quần lót,,
,tutorial_ブラを外す,Cởi Áo lót,,
,tutorial_服を完全に脱がせる,Cởi hết,,
,tutorial_制服を着せる,Mặc Đồng phục,,
,tutorial_上着を着せる,Mặc Áo khoác,,
,tutorial_セーターを着せる,Mặc Áo len,,
,tutorial_シャツを着せる,Mặc Áo sơ mi,,
,tutorial_ぱんつを履かせる,Mặc Quần lót,,
,tutorial_ブラを着ける,Mặc Áo lót,,
,tutorial_スカートを戻す,Hạ Váy,,
,tutorial_外した衣装を戻す,Mặc lại đồ đã cởi,,
,tutorial_selectItem,"Click chuột phải để chọn công cụ ""Cởi đồ""",,
,,,,
,,,,
,tutorial_ecstasyZone,Kích thích các bộ phận có thể lên đỉnh,,
,tutorial_classroom,Tẩy não→Lắp Trứng rung→Bắt đầu giờ học,,
,,,,
,tutorial_teman,"Click để Xoa nắn hoặc Tự sướng.
Lăn chuột để điều chỉnh độ sâu.",,
,tutorial_denma,"Click để BẬT.
Lăn chuột để điều chỉnh cường độ.",,
,tutorial_roter,"Click để BẬT.
Lăn chuột để điều chỉnh cường độ.",,
,tutorial_vive,"Chạm để Kích thích.
Click để Đút vào.
Lăn chuột để điều chỉnh cường độ.",,
,tutorial_penis,"Click để Đút vào.
Click chuột giữa để Xuất tinh.",,
,tutorial_cloth,Cởi hết trang phục,,■0910追加
,tutorial_autoPiston,Sử dụng chế độ Tự động,,■0910追加
,tutorial_autoItem,Cố định Vật phẩm,,■0910追加
,tutorial_reset,Hiện lại Hướng dẫn,,■0910追加
,tutorial_reset_button,Hiện lại,,■0910追加
,,,,
,CameraWarningText,"Khi sử dụng chức năng thay đổi góc máy,
đôi khi hiển thị của một số nhân vật sẽ có bất thường.

Nếu xảy ra bất thường, xin hãy điều chỉnh camera về vị trí ban đầu.",,
,,,,
■ゲームオーバー,,,,
,GAME OVER,GAME OVER,,
,通報されました,Bạn đã bị tố cáo,,
,調教開始前に戻る,Quay lại trước khi bắt đầu Dạy dỗ,,
,スタートメニューに戻る,Về Menu chính,,
,,,,
■ツールチップ,,,,
,it_アナルビーズ,Bi Hậu môn,,
,it_(クリック)アナル挿入,(Click) Nhét vào Hậu môn,,
,it_(クリック)膣挿入,(Click) Nhét vào Âm đạo,,
,it_ブラをずらす,Kéo Áo lót,,
,it_上着を脱がせる,Cởi Áo khoác,,
,it_シャツを脱がせる,Cởi Áo sơ mi,,
,it_制服を脱がせる,Cởi Đồng phục,,
,it_セーターを脱がせる,Cởi Áo len,,
,it_タイツを脱がせる,Cởi Quần tất,,
,it_ストッキングを脱がせる,Cởi Vớ da,,
,it_ニーソを脱がせる,Cởi Tất cao,,
,it_靴下を脱がせる,Cởi Vớ,,
,it_脱がせ_汎用,Cởi,,
,,,,
,,,,
,,,,
,it_両胸,Hai Vú,,
,it_揉む,Xoa nắn,,
,it_ぱんつを脱がせる,Cởi Quần lót,,
,it_リボンを外す,Cởi Nơ,,
,it_スカートを外す,Cởi Váy,,
,it_クリックでスカートめくり,Click để Vén váy,,
,it_指を入れる,Cho ngón tay vào,,
,it_(クリック)挿入,(Click) Đút vào,,
,it_今は解除しない方が良さそうだ…,Hiện tại có lẽ không nên giải trừ...,,
,it_記憶を消去し、調教を終了する,"Xóa ký ức, kết thúc dạy dỗ.",,
,it_状況にかかわらず強制的に絶頂させる,Có thể ép lên đỉnh trong mọi hoàn cảnh.,,
,it_未解禁の機能,Chức năng chưa mở khóa,,
,it_アナル,Hậu môn,,
,it_クリ,Hột le,,
,it_内もも,Đùi trong,,
,it_尻,Mông,,
,it_乳首,Đầu ti,,
,it_乳房,Vú,,
,it_子宮,Tử cung,,
,it_膣口,Cửa Âm đạo,,
,it_鼠径部,Háng,,
,it_挿入,Đút vào,,
,it_素股,Cọ xát,,
,it_パイズリ,Kẹp vú,,
,it_フェラ,Bú cặc,,
,it_お尻,Mông,,
,it_乳輪,Quầng vú,,
,,,,
,,,,
,,,,
,it_今は洗脳しない方が良さそうだ…,Hiện tại có lẽ không nên tẩy não...,,
,,,,
■通知,,,,
,notif_性感帯　開発レベルアップ,Vùng nhạy cảm - Cấp độ Khai phá tăng,,
,notif_経験値,Điểm Kinh nghiệm,,
,notif_調教レベルアップ！,Cấp độ Dạy dỗ tăng!,,
,notif_強く大きな絶頂をしています。,Đang lên đỉnh dữ dội.,,
,notif_弱い絶頂を数多くしています。,Đang lên đỉnh nhẹ nhiều lần.,,
,notif_絶頂の強さ・数は中程度です。,Cường độ và số lần lên đỉnh ở mức vừa phải.,,
,notif_ペニスで絶頂することが多いようです。,Số lần lên đỉnh bằng dương vật nhiều hơn.,,
,notif_玩具で絶頂することが多いようです。,Số lần lên đỉnh bằng đồ chơi nhiều hơn.,,
,notif_ペニスと玩具で同じぐらい絶頂しています。,Số lần lên đỉnh bằng dương vật và đồ chơi tương đương nhau.,,
,notif_大人しく従順になってきています。,Bắt đầu trở nên ngoan ngoãn.,,
,notif_まだ反抗的なようです。,Dường như vẫn còn muốn phản kháng.,,
,notif_ステータス,Trạng thái,,
,notif_ガチャコイン獲得！,Nhận được Xu Gacha!,,
,,,,
,notif_***が解放されました,*** đã được mở khóa.,,
,,,,
,notif_エンディング,Kết cục,,
,notif_エンディングが解放されました,Kết cục đã được mở khóa.,,
,,,,
,notif_キャラ :,Nhân vật:,,
,notif_絶頂傾向 :,Xu hướng Lên đỉnh:,,
,notif_潮吹き癖 :,Tật Phun nước:,,■0921追加
,notif_男根-玩具 :,Dương vật - Đồ chơi:,,
,notif_従順度 :,Độ Phục tùng:,,
,notif_経験値 :,Điểm Kinh nghiệm:,,
,notif_ガチャコイン :,Xu Gacha:,,
,,,,
,notif_淫乱度 :,Độ Dâm loạn:,,■0829追加
,notif_好感度 :,Hảo Cảm:,,■0829追加
,notif_オナホ-奉仕 :,<size=18>Kiểu chơi:,,■0829追加
,,,,
,notif_inran_low,Vẫn còn khá ngây thơ.,,■0829追加
,notif_inran_mid,Dường như đang dần khám phá dục vọng.,,■0829追加
,notif_inran_high,Đã sa ngã thành một người đàn bà dâm đãng.,,■0829追加
,notif_koukan_zero,Cậu rốt cuộc là ai?,,■0829追加
,notif_koukan_low,Dường như có ác cảm với bạn.,,■0829追加
,notif_koukan_mid,Dường như khá hứng thú với bạn.,,■0829追加
,notif_koukan_high,Ánh mắt lúc nào cũng không rời khỏi bạn.,,■0829追加
,notif_onaho-houshi_houshi,Dường như đặt khoái cảm của bản thân lên hàng đầu.,,■0829追加
,notif_onaho-houshi_mid,Thái độ trung lập.,,■0829追加
,notif_onaho-houshi_onaho,Dường như thường xuyên phục vụ dương vật.,,■0829追加
,notif_siohuki_low,Lượng phun của cô ấy không nhiều.,,■0921追加
,notif_siohuki_mid,Cô ấy thỉnh thoảng sẽ phun.,,■0921追加
,notif_siohuki_high,Cô ấy phun như một cái vòi nước bị hỏng.,,■0921追加
,,,,
■エンディング,,,,
,ending_Return,Trở về,,
,,,,
,,,,
,,,,
■オプション,,,,
,オプション,Tùy chọn,,
,ゲーム,Game,,
,サウンド,Âm thanh,,
,キー割り当て,Phím tắt,,
,,,,
,言語,Ngôn ngữ,,
,陰毛,Lông mu,,
,グラフィックス,Chất lượng Đồ họa,,
,画質を自動調整,Tự động điều chỉnh Đồ họa,,
,フルスクリーン,Toàn màn hình,,
,テキスト表示速度,Tốc độ hiển thị Chữ,,
,セリフスキップ時、ボイス再生を続ける,Tiếp tục phát Âm thanh khi bỏ qua,,
,opt_断面図,Hình cắt lớp,,
,opt_断面図追従,Hình cắt lớp tự di chuyển,,
,opt_断面図サイズ,Kích thước Hình cắt lớp,,
,opt_断面図透過,Nhìn xuyên Hình cắt lớp,,
,後ろ髪透過,Nhìn xuyên Tóc sau gáy,,
,エラーログを表示,Hiển thị Lịch sử lỗi,,
,解像度,Độ phân giải,,
,opt_流体シミュレーション,Mô phỏng Chất lỏng,,
,opt_自動射精,Tự động Xuất tinh,,
,opt_フレームレートを表示する,Hiển thị Tốc độ khung hình (FPS),,
,opt_fpscap,FPS Tối đa,,
,opt_バグ報告ボタンを表示する,Hiển thị Nút báo lỗi,,
,opt_解像度,Độ phân giải,,
,res_カスタム,Tùy chỉnh,,
,アイテム使用中にマウスカーソルを隠す,Ẩn con trỏ chuột khi dùng Vật phẩm,,
,吐息エフェクト,Hiệu ứng Hơi thở,,
,湯気エフェクト,Hiệu ứng Hơi nóng,,
,opt_autoReport,Tự động gửi thông tin Gỡ lỗi,,■0909追加
,opt_retainHypnoMode,Giữ lại chế độ Tẩy não lần trước,,■0911追加
,opt_流体シミュレーション,,,■0919追加
,opt_addaptiveMusic,Nhạc nền Thanh Cực khoái,,
,マスター,Âm lượng,,
,ボイス,Thoại,,
,ボイス（バックグラウンド）,Thoại (Nền),,
,SE（アイテム）,SE (Vật phẩm),,
,SE（ぐちゅ音）,SE (Tiếng nước),,
,SE（その他）,SE (Khác),,
,システム,Hệ thống,,
,BGM,BGM,,
,音量リセット,Reset Âm lượng,,
,,,,
,オプションをリセット,Thiết lập lại,,
,opt_操作説明,Hướng dẫn Thao tác,,
,,,,
,,,,
,オプションをリセットしますか？,Bạn có muốn thiết lập lại không?,,
,リセットする,Có,,
,,,,
,グラフィックス設定を選んでください,Xin hãy chọn thiết lập đồ họa.,,
,グラフィックス設定を選んでください_text,"Có thể thay đổi bất cứ lúc nào qua Tùy chọn→Hệ thống→Đồ họa.
Giảm độ phân giải và chuyển sang toàn màn hình có thể giảm tải cho hệ thống hơn nữa.",,
,,,,
,InitialSetting_title,Thiết lập Ban đầu,,■0909追加
,InitialSetting_autoGraphics,Tự động điều chỉnh Đồ họa,,■0909追加
,InitialSetting_autoReport,Tự động gửi thông tin Gỡ lỗi,,■0909追加
,InitialSetting_changeOption,※Có thể thay đổi bất cứ lúc nào trong Tùy chọn.,,■0909追加
,,,,
,,,,
,graphics_高画質,Đồ họa Cao,,
,graphics_通常,Bình thường,,
,graphics_軽量,Đồ họa Thấp,,
,graphics_超軽量,Đồ họa Tối thiểu,,
,,,,
,graphics_高画質_text,"PC Gaming, v.v.",,
,graphics_通常_text,"Laptop Đời mới
Desktop",,
,graphics_軽量_text,"Laptop
Vài năm trước",,
,graphics_超軽量_text,"Laptop Cũ
Tablet, v.v.",,
,,,,
,,,,
,keyMap_next,Hiển thị Chữ,,
,keyMap_wheel,Mở Menu Vật phẩm,,
,keyMap_setPutItemAuto,Cố định Vật phẩm,,
,keyMap_photoMode,Kích hoạt Chế độ Chụp ảnh,,
,keyMap_openSiderbar,Mở Thanh chức năng,,
,keyMap_sidebar_Camera,Thanh chức năng: Camera,,
,keyMap_sidebar_Item,Thanh chức năng: Vật phẩm,,
,keyMap_sidebar_Cloth,Thanh chức năng: Trang phục,,
,keyMap_sidebar_Auto,Thanh chức năng: Tự động,,
,,,,
,,,,
,opt_keyMap_ok,Xác nhận,,
,opt_keyMap_cancel,Hủy,,
,opt_keyMap_change,Thay đổi,,
,,,,
,keyMap_notSet,[Chưa thiết lập],,
,,,,
,キー割り当てをリセット,Reset Phím tắt,,
,キー割り当てをリセットしますか？,Bạn có muốn reset phím tắt không?,,
,,,,
,未収録ボイス,! Thoại chưa được thu âm,,
,,,,
■チュートリアル,tutorialLv1_p1title,Cách tiến hành Dạy dỗ 1/3,,
,tutorialLv1_p1text,<b><u>Cường độ</b></u> kích thích vùng nhạy cảm được hiển thị bằng 3 loại biểu tượng.,,
,tutorialLv1_p1teasing1,Thèm khát: Kích thích Yếu,,
,tutorialLv1_p1teasing2,Có hiệu quả tăng <b><u>Độ nhạy cảm</b></u> của vùng nhạy cảm.,,
,tutorialLv1_p1pleasure1,Khoái cảm: Kích thích Vừa,,
,tutorialLv1_p1pleasure2,Có hiệu quả tăng <b><u>Thanh Cực khoái</b></u> của nhân vật.,,
,tutorialLv1_p1pain1,Đau đớn: Kích thích Mạnh,,
,tutorialLv1_p1pain2,Cả <b><u>Độ nhạy cảm và Thanh Cực khoái</b></u> đều sẽ giảm.,,
,,,,
,tutorialLv1_p2title,Cách tiến hành Dạy dỗ 2/3,,
,tutorialLv1_p2text,"Các vùng nhạy cảm có liên kết với nhau. Khi kích thích một vùng nhạy cảm, 
<b><u>độ nhạy cảm của các vùng nhạy cảm khác có liên kết cũng sẽ tăng.</b></u>
Đôi khi, thay vì kích thích trực tiếp, 
<b><u>kích thích các vùng nhạy cảm lân cận</b></u> lại có thể tăng độ nhạy cảm hiệu quả hơn.",,
,tutorialLv1_p2icons1,Một số vùng nhạy cảm chỉ khi <b><u>bị kích thích</b></u> mới hiển thị biểu tượng.,,
,tutorialLv1_p2icons2,"Đùi trong và háng không thể lên đỉnh,
<b><u>tuy nhiên cảm giác đau sẽ ít hơn, dễ tăng độ nhạy cảm hơn</b></u>.",,
,,,,
,tutorialLv1_p3title,Cách tiến hành Dạy dỗ 3/3,,
,tutorialLv1_p3text,"Khi <b><u>Thanh Cực khoái</b></u> vượt qua vạch giới hạn (<#FF67E8><color=white"">100%),</color> nhân vật sẽ lên đỉnh.",,
,tutorialLv1_p3text2,"Càng lên đỉnh nhiều lần, thì sau khi kết thúc dạy dỗ, <b><u>Cấp độ Dạy dỗ</b></u> của nhân vật sẽ càng tăng nhiều.",,
,,"Các cách thao tác khác xin hãy xem trong <b><u>""Hướng dẫn Thao tác""</b></u> ở phần Tùy chọn.",,
,cantSavePopUp,"Không thể ghi dữ liệu lưu.
Xin hãy di chuyển game đến thư mục có quyền ghi.

Nếu là phiên bản đĩa, xin hãy sao chép game từ DVD vào PC.",,
,,,,,
■Android対応,,,,
,Android_ejaculationButton,Xuất tinh,,
,(Android)tutorial_selectItem,"Chạm ba ngón tay hoặc nhấn nút Menu, chọn công cụ ""Cởi đồ"".",,
,(Android)tutorial_teman,"Chạm nhẹ để Xoa nắn hoặc Tự sướng.
Chạm hai ngón tay để điều chỉnh độ sâu.",,
,(Android)tutorial_denma,"Chạm nhẹ để BẬT.
Chạm hai ngón tay để điều chỉnh cường độ.",,
,(Android)tutorial_roter,"Chạm nhẹ để BẬT.
Chạm hai ngón tay để điều chỉnh cường độ.",,
,(Android)tutorial_vive,"Chạm nhẹ để Đút vào.
Chạm hai ngón tay để điều chỉnh cường độ.",,
,(Android)tutorial_penis,"Chạm nhẹ để Đút vào.
Nhấn nút Xuất tinh để bắn tinh.",,
,,,,
,(Android)savedataIO_button,"Nhập / Xuất
Dữ liệu Lưu",,
,(Android)savedataIO_title,Nhập / Xuất Dữ liệu Lưu,,
,(Android)savedataIO_subtitle,Có thể nhập hoặc xuất file saveData.dat của phiên bản PC.,,
,(Android)savedataIO_import,Nhập,,
,(Android)savedataIO_export,Xuất,,
,,,,
,(Android)savedataIO_overwriteTitle,Ghi đè lên dữ liệu lưu hiện tại.,,
,(Android)savedataIO_overwriteButton,Ghi đè,,
,,,,
,(Android)savedataIO_permissionDenied,Bạn không có quyền.,,
,(Android)savedataIO_import_true,Nhập dữ liệu lưu thành công.,,
,(Android)savedataIO_import_nameDismatch,Đây không phải là file dữ liệu lưu.,,
,(Android)savedataIO_import_error,Lỗi đọc file.,,
,(Android)savedataIO_export_true,Xuất dữ liệu lưu thành công.,,
,(Android)savedataIO_export_error,Lỗi ghi file.,,
,,,,
■エンドクレジット,endCredit_author,Sản xuất:,,■0911追加
,endCredit_maincv,Diễn viên lồng tiếng,,■0911追加
,endCredit_music,Sản xuất Âm nhạc,,■0911追加
,endCredit_assistant3D,Hỗ trợ 3D,,■0911追加
,endCredit_mob,Sản xuất Nhân vật phụ,,■0911追加
,endCredit_assistant,Hỗ trợ Sản xuất,,■0911追加
,,,,
■RemoteConfig,,,,
,(RC)newVersion,Đã có phiên bản mới.,,
,(RC)Notification,Thông báo,,
,(RC)openButton,Mở trang,,
,(RC)SkipVersion,Bỏ qua thông báo,,
